#,Time,%Passes,Change,Test,Pass,Partial,Fail,Untested
0,Sun Nov 01 22:06:33 EST 2020,13,13,Assignment4Suite,CacheMapTest2+ CacheTest3+ CacheTest4+ CacheTest7+ HeapDelMinTest0+ HeapDelMinTest1+ , ,CacheHeapTest0- CacheHeapTest1- CacheHeapTest2- CacheHeapTest3- CacheMapTest0- CacheMapTest1- CacheMapTest3- CacheTest0- CacheTest1- CacheTest2- CacheTest5- CacheTest6- CacheTest8- CacheTest9- HeapDelMinTest10- HeapDelMinTest11- HeapDelMinTest12- HeapDelMinTest13- HeapDelMinTest14- HeapDelMinTest2- HeapDelMinTest3- HeapDelMinTest4- HeapDelMinTest5- HeapDelMinTest6- HeapDelMinTest7- HeapDelMinTest8- HeapDelMinTest9- HeapIncDecEltTest0- HeapIncDecEltTest1- HeapIncDecEltTest2- HeapIncDecEltTest3- HeapIncDecEltTest4- HeapIncDecEltTest5- HeapInsertTest0- HeapInsertTest1- HeapInsertTest2- HeapInsertTest3- HeapInsertTest4- , ,
1,Sun Nov 01 22:29:36 EST 2020,11,-2,Assignment4Suite,CacheMapTest2 CacheTest3 CacheTest4 CacheTest7 HeapDelMinTest0 , ,CacheHeapTest0 CacheHeapTest1 CacheHeapTest2 CacheHeapTest3 CacheMapTest0 CacheMapTest1 CacheMapTest3 CacheTest0 CacheTest1 CacheTest2 CacheTest5 CacheTest6 CacheTest8 CacheTest9 HeapDelMinTest1- HeapDelMinTest10 HeapDelMinTest11 HeapDelMinTest12 HeapDelMinTest13 HeapDelMinTest14 HeapDelMinTest2 HeapDelMinTest3 HeapDelMinTest4 HeapDelMinTest5 HeapDelMinTest6 HeapDelMinTest7 HeapDelMinTest8 HeapDelMinTest9 HeapIncDecEltTest0 HeapIncDecEltTest1 HeapIncDecEltTest2 HeapIncDecEltTest3 HeapIncDecEltTest4 HeapIncDecEltTest5 HeapInsertTest0 HeapInsertTest1 HeapInsertTest2 HeapInsertTest3 HeapInsertTest4 , ,
2,Mon Nov 02 01:20:38 EST 2020,11,0,Assignment4Suite,CacheMapTest2 CacheTest3 CacheTest4 CacheTest7 HeapDelMinTest0 , ,CacheHeapTest0 CacheHeapTest1 CacheHeapTest2 CacheHeapTest3 CacheMapTest0 CacheMapTest1 CacheMapTest3 CacheTest0 CacheTest1 CacheTest2 CacheTest5 CacheTest6 CacheTest8 CacheTest9 HeapDelMinTest1 HeapDelMinTest10 HeapDelMinTest11 HeapDelMinTest12 HeapDelMinTest13 HeapDelMinTest14 HeapDelMinTest2 HeapDelMinTest3 HeapDelMinTest4 HeapDelMinTest5 HeapDelMinTest6 HeapDelMinTest7 HeapDelMinTest8 HeapDelMinTest9 HeapIncDecEltTest0 HeapIncDecEltTest1 HeapIncDecEltTest2 HeapIncDecEltTest3 HeapIncDecEltTest4 HeapIncDecEltTest5 HeapInsertTest0 HeapInsertTest1 HeapInsertTest2 HeapInsertTest3 HeapInsertTest4 , ,
3,Mon Nov 02 01:24:37 EST 2020,11,0,Assignment4Suite,CacheMapTest2 CacheTest3 CacheTest4 CacheTest7 HeapDelMinTest0 , ,CacheHeapTest0 CacheHeapTest1 CacheHeapTest2 CacheHeapTest3 CacheMapTest0 CacheMapTest1 CacheMapTest3 CacheTest0 CacheTest1 CacheTest2 CacheTest5 CacheTest6 CacheTest8 CacheTest9 HeapDelMinTest1 HeapDelMinTest10 HeapDelMinTest11 HeapDelMinTest12 HeapDelMinTest13 HeapDelMinTest14 HeapDelMinTest2 HeapDelMinTest3 HeapDelMinTest4 HeapDelMinTest5 HeapDelMinTest6 HeapDelMinTest7 HeapDelMinTest8 HeapDelMinTest9 HeapIncDecEltTest0 HeapIncDecEltTest1 HeapIncDecEltTest2 HeapIncDecEltTest3 HeapIncDecEltTest4 HeapIncDecEltTest5 HeapInsertTest0 HeapInsertTest1 HeapInsertTest2 HeapInsertTest3 HeapInsertTest4 , ,
4,Mon Nov 02 01:27:10 EST 2020,11,0,Assignment4Suite,CacheMapTest2 CacheTest3 CacheTest4 CacheTest7 HeapDelMinTest0 , ,CacheHeapTest0 CacheHeapTest1 CacheHeapTest2 CacheHeapTest3 CacheMapTest0 CacheMapTest1 CacheMapTest3 CacheTest0 CacheTest1 CacheTest2 CacheTest5 CacheTest6 CacheTest8 CacheTest9 HeapDelMinTest1 HeapDelMinTest10 HeapDelMinTest11 HeapDelMinTest12 HeapDelMinTest13 HeapDelMinTest14 HeapDelMinTest2 HeapDelMinTest3 HeapDelMinTest4 HeapDelMinTest5 HeapDelMinTest6 HeapDelMinTest7 HeapDelMinTest8 HeapDelMinTest9 HeapIncDecEltTest0 HeapIncDecEltTest1 HeapIncDecEltTest2 HeapIncDecEltTest3 HeapIncDecEltTest4 HeapIncDecEltTest5 HeapInsertTest0 HeapInsertTest1 HeapInsertTest2 HeapInsertTest3 HeapInsertTest4 , ,
5,Mon Nov 02 01:27:43 EST 2020,18,7,Assignment4Suite,CacheMapTest2 CacheTest3 CacheTest4 CacheTest7 HeapDelMinTest0 HeapDelMinTest11+ HeapDelMinTest13+ HeapDelMinTest9+ , ,CacheHeapTest0 CacheHeapTest1 CacheHeapTest2 CacheHeapTest3 CacheMapTest0 CacheMapTest1 CacheMapTest3 CacheTest0 CacheTest1 CacheTest2 CacheTest5 CacheTest6 CacheTest8 CacheTest9 HeapDelMinTest1 HeapDelMinTest10 HeapDelMinTest12 HeapDelMinTest14 HeapDelMinTest2 HeapDelMinTest3 HeapDelMinTest4 HeapDelMinTest5 HeapDelMinTest6 HeapDelMinTest7 HeapDelMinTest8 HeapIncDecEltTest0 HeapIncDecEltTest1 HeapIncDecEltTest2 HeapIncDecEltTest3 HeapIncDecEltTest4 HeapIncDecEltTest5 HeapInsertTest0 HeapInsertTest1 HeapInsertTest2 HeapInsertTest3 HeapInsertTest4 , ,
6,Mon Nov 02 01:37:21 EST 2020,11,-7,Assignment4Suite,CacheMapTest2 CacheTest3 CacheTest4 CacheTest7 HeapDelMinTest0 , ,CacheHeapTest0 CacheHeapTest1 CacheHeapTest2 CacheHeapTest3 CacheMapTest0 CacheMapTest1 CacheMapTest3 CacheTest0 CacheTest1 CacheTest2 CacheTest5 CacheTest6 CacheTest8 CacheTest9 HeapDelMinTest1 HeapDelMinTest10 HeapDelMinTest11- HeapDelMinTest12 HeapDelMinTest13- HeapDelMinTest14 HeapDelMinTest2 HeapDelMinTest3 HeapDelMinTest4 HeapDelMinTest5 HeapDelMinTest6 HeapDelMinTest7 HeapDelMinTest8 HeapDelMinTest9- HeapIncDecEltTest0 HeapIncDecEltTest1 HeapIncDecEltTest2 HeapIncDecEltTest3 HeapIncDecEltTest4 HeapIncDecEltTest5 HeapInsertTest0 HeapInsertTest1 HeapInsertTest2 HeapInsertTest3 HeapInsertTest4 , ,
7,Mon Nov 02 01:43:11 EST 2020,18,7,Assignment4Suite,CacheMapTest2 CacheTest3 CacheTest4 CacheTest7 HeapDelMinTest0 HeapDelMinTest11+ HeapDelMinTest13+ HeapDelMinTest9+ , ,CacheHeapTest0 CacheHeapTest1 CacheHeapTest2 CacheHeapTest3 CacheMapTest0 CacheMapTest1 CacheMapTest3 CacheTest0 CacheTest1 CacheTest2 CacheTest5 CacheTest6 CacheTest8 CacheTest9 HeapDelMinTest1 HeapDelMinTest10 HeapDelMinTest12 HeapDelMinTest14 HeapDelMinTest2 HeapDelMinTest3 HeapDelMinTest4 HeapDelMinTest5 HeapDelMinTest6 HeapDelMinTest7 HeapDelMinTest8 HeapIncDecEltTest0 HeapIncDecEltTest1 HeapIncDecEltTest2 HeapIncDecEltTest3 HeapIncDecEltTest4 HeapIncDecEltTest5 HeapInsertTest0 HeapInsertTest1 HeapInsertTest2 HeapInsertTest3 HeapInsertTest4 , ,
8,Mon Nov 02 01:51:46 EST 2020,18,0,Assignment4Suite,CacheMapTest2 CacheTest3 CacheTest4 CacheTest7 HeapDelMinTest0 HeapDelMinTest11 HeapDelMinTest13 HeapDelMinTest9 , ,CacheHeapTest0 CacheHeapTest1 CacheHeapTest2 CacheHeapTest3 CacheMapTest0 CacheMapTest1 CacheMapTest3 CacheTest0 CacheTest1 CacheTest2 CacheTest5 CacheTest6 CacheTest8 CacheTest9 HeapDelMinTest1 HeapDelMinTest10 HeapDelMinTest12 HeapDelMinTest14 HeapDelMinTest2 HeapDelMinTest3 HeapDelMinTest4 HeapDelMinTest5 HeapDelMinTest6 HeapDelMinTest7 HeapDelMinTest8 HeapIncDecEltTest0 HeapIncDecEltTest1 HeapIncDecEltTest2 HeapIncDecEltTest3 HeapIncDecEltTest4 HeapIncDecEltTest5 HeapInsertTest0 HeapInsertTest1 HeapInsertTest2 HeapInsertTest3 HeapInsertTest4 , ,
9,Mon Nov 02 01:55:07 EST 2020,18,0,Assignment4Suite,CacheMapTest2 CacheTest3 CacheTest4 CacheTest7 HeapDelMinTest0 HeapDelMinTest11 HeapDelMinTest13 HeapDelMinTest9 , ,CacheHeapTest0 CacheHeapTest1 CacheHeapTest2 CacheHeapTest3 CacheMapTest0 CacheMapTest1 CacheMapTest3 CacheTest0 CacheTest1 CacheTest2 CacheTest5 CacheTest6 CacheTest8 CacheTest9 HeapDelMinTest1 HeapDelMinTest10 HeapDelMinTest12 HeapDelMinTest14 HeapDelMinTest2 HeapDelMinTest3 HeapDelMinTest4 HeapDelMinTest5 HeapDelMinTest6 HeapDelMinTest7 HeapDelMinTest8 HeapIncDecEltTest0 HeapIncDecEltTest1 HeapIncDecEltTest2 HeapIncDecEltTest3 HeapIncDecEltTest4 HeapIncDecEltTest5 HeapInsertTest0 HeapInsertTest1 HeapInsertTest2 HeapInsertTest3 HeapInsertTest4 , ,
10,Mon Nov 02 01:58:02 EST 2020,18,0,Assignment4Suite,CacheMapTest2 CacheTest3 CacheTest4 CacheTest7 HeapDelMinTest0 HeapDelMinTest11 HeapDelMinTest13 HeapDelMinTest9 , ,CacheHeapTest0 CacheHeapTest1 CacheHeapTest2 CacheHeapTest3 CacheMapTest0 CacheMapTest1 CacheMapTest3 CacheTest0 CacheTest1 CacheTest2 CacheTest5 CacheTest6 CacheTest8 CacheTest9 HeapDelMinTest1 HeapDelMinTest10 HeapDelMinTest12 HeapDelMinTest14 HeapDelMinTest2 HeapDelMinTest3 HeapDelMinTest4 HeapDelMinTest5 HeapDelMinTest6 HeapDelMinTest7 HeapDelMinTest8 HeapIncDecEltTest0 HeapIncDecEltTest1 HeapIncDecEltTest2 HeapIncDecEltTest3 HeapIncDecEltTest4 HeapIncDecEltTest5 HeapInsertTest0 HeapInsertTest1 HeapInsertTest2 HeapInsertTest3 HeapInsertTest4 , ,
11,Mon Nov 02 01:59:36 EST 2020,18,0,Assignment4Suite,CacheMapTest2 CacheTest3 CacheTest4 CacheTest7 HeapDelMinTest0 HeapDelMinTest11 HeapDelMinTest13 HeapDelMinTest9 , ,CacheHeapTest0 CacheHeapTest1 CacheHeapTest2 CacheHeapTest3 CacheMapTest0 CacheMapTest1 CacheMapTest3 CacheTest0 CacheTest1 CacheTest2 CacheTest5 CacheTest6 CacheTest8 CacheTest9 HeapDelMinTest1 HeapDelMinTest10 HeapDelMinTest12 HeapDelMinTest14 HeapDelMinTest2 HeapDelMinTest3 HeapDelMinTest4 HeapDelMinTest5 HeapDelMinTest6 HeapDelMinTest7 HeapDelMinTest8 HeapIncDecEltTest0 HeapIncDecEltTest1 HeapIncDecEltTest2 HeapIncDecEltTest3 HeapIncDecEltTest4 HeapIncDecEltTest5 HeapInsertTest0 HeapInsertTest1 HeapInsertTest2 HeapInsertTest3 HeapInsertTest4 , ,
12,Mon Nov 02 02:01:07 EST 2020,18,0,Assignment4Suite,CacheMapTest2 CacheTest3 CacheTest4 CacheTest7 HeapDelMinTest0 HeapDelMinTest11 HeapDelMinTest13 HeapDelMinTest9 , ,CacheHeapTest0 CacheHeapTest1 CacheHeapTest2 CacheHeapTest3 CacheMapTest0 CacheMapTest1 CacheMapTest3 CacheTest0 CacheTest1 CacheTest2 CacheTest5 CacheTest6 CacheTest8 CacheTest9 HeapDelMinTest1 HeapDelMinTest10 HeapDelMinTest12 HeapDelMinTest14 HeapDelMinTest2 HeapDelMinTest3 HeapDelMinTest4 HeapDelMinTest5 HeapDelMinTest6 HeapDelMinTest7 HeapDelMinTest8 HeapIncDecEltTest0 HeapIncDecEltTest1 HeapIncDecEltTest2 HeapIncDecEltTest3 HeapIncDecEltTest4 HeapIncDecEltTest5 HeapInsertTest0 HeapInsertTest1 HeapInsertTest2 HeapInsertTest3 HeapInsertTest4 , ,
13,Mon Nov 02 02:05:28 EST 2020,18,0,Assignment4Suite,CacheMapTest2 CacheTest3 CacheTest4 CacheTest7 HeapDelMinTest0 HeapDelMinTest11 HeapDelMinTest13 HeapDelMinTest9 , ,CacheHeapTest0 CacheHeapTest1 CacheHeapTest2 CacheHeapTest3 CacheMapTest0 CacheMapTest1 CacheMapTest3 CacheTest0 CacheTest1 CacheTest2 CacheTest5 CacheTest6 CacheTest8 CacheTest9 HeapDelMinTest1 HeapDelMinTest10 HeapDelMinTest12 HeapDelMinTest14 HeapDelMinTest2 HeapDelMinTest3 HeapDelMinTest4 HeapDelMinTest5 HeapDelMinTest6 HeapDelMinTest7 HeapDelMinTest8 HeapIncDecEltTest0 HeapIncDecEltTest1 HeapIncDecEltTest2 HeapIncDecEltTest3 HeapIncDecEltTest4 HeapIncDecEltTest5 HeapInsertTest0 HeapInsertTest1 HeapInsertTest2 HeapInsertTest3 HeapInsertTest4 , ,
14,Mon Nov 02 02:06:31 EST 2020,18,0,Assignment4Suite,CacheMapTest2 CacheTest3 CacheTest4 CacheTest7 HeapDelMinTest0 HeapDelMinTest11 HeapDelMinTest13 HeapDelMinTest9 , ,CacheHeapTest0 CacheHeapTest1 CacheHeapTest2 CacheHeapTest3 CacheMapTest0 CacheMapTest1 CacheMapTest3 CacheTest0 CacheTest1 CacheTest2 CacheTest5 CacheTest6 CacheTest8 CacheTest9 HeapDelMinTest1 HeapDelMinTest10 HeapDelMinTest12 HeapDelMinTest14 HeapDelMinTest2 HeapDelMinTest3 HeapDelMinTest4 HeapDelMinTest5 HeapDelMinTest6 HeapDelMinTest7 HeapDelMinTest8 HeapIncDecEltTest0 HeapIncDecEltTest1 HeapIncDecEltTest2 HeapIncDecEltTest3 HeapIncDecEltTest4 HeapIncDecEltTest5 HeapInsertTest0 HeapInsertTest1 HeapInsertTest2 HeapInsertTest3 HeapInsertTest4 , ,
15,Mon Nov 02 02:08:29 EST 2020,18,0,Assignment4Suite,CacheMapTest2 CacheTest3 CacheTest4 CacheTest7 HeapDelMinTest0 HeapDelMinTest11 HeapDelMinTest13 HeapDelMinTest9 , ,CacheHeapTest0 CacheHeapTest1 CacheHeapTest2 CacheHeapTest3 CacheMapTest0 CacheMapTest1 CacheMapTest3 CacheTest0 CacheTest1 CacheTest2 CacheTest5 CacheTest6 CacheTest8 CacheTest9 HeapDelMinTest1 HeapDelMinTest10 HeapDelMinTest12 HeapDelMinTest14 HeapDelMinTest2 HeapDelMinTest3 HeapDelMinTest4 HeapDelMinTest5 HeapDelMinTest6 HeapDelMinTest7 HeapDelMinTest8 HeapIncDecEltTest0 HeapIncDecEltTest1 HeapIncDecEltTest2 HeapIncDecEltTest3 HeapIncDecEltTest4 HeapIncDecEltTest5 HeapInsertTest0 HeapInsertTest1 HeapInsertTest2 HeapInsertTest3 HeapInsertTest4 , ,
16,Mon Nov 02 02:13:45 EST 2020,18,0,Assignment4Suite,CacheMapTest2 CacheTest3 CacheTest4 CacheTest7 HeapDelMinTest0 HeapDelMinTest11 HeapDelMinTest13 HeapDelMinTest9 , ,CacheHeapTest0 CacheHeapTest1 CacheHeapTest2 CacheHeapTest3 CacheMapTest0 CacheMapTest1 CacheMapTest3 CacheTest0 CacheTest1 CacheTest2 CacheTest5 CacheTest6 CacheTest8 CacheTest9 HeapDelMinTest1 HeapDelMinTest10 HeapDelMinTest12 HeapDelMinTest14 HeapDelMinTest2 HeapDelMinTest3 HeapDelMinTest4 HeapDelMinTest5 HeapDelMinTest6 HeapDelMinTest7 HeapDelMinTest8 HeapIncDecEltTest0 HeapIncDecEltTest1 HeapIncDecEltTest2 HeapIncDecEltTest3 HeapIncDecEltTest4 HeapIncDecEltTest5 HeapInsertTest0 HeapInsertTest1 HeapInsertTest2 HeapInsertTest3 HeapInsertTest4 , ,
17,Mon Nov 02 02:14:15 EST 2020,18,0,Assignment4Suite,CacheMapTest2 CacheTest3 CacheTest4 CacheTest7 HeapDelMinTest0 HeapDelMinTest11 HeapDelMinTest13 HeapDelMinTest9 , ,CacheHeapTest0 CacheHeapTest1 CacheHeapTest2 CacheHeapTest3 CacheMapTest0 CacheMapTest1 CacheMapTest3 CacheTest0 CacheTest1 CacheTest2 CacheTest5 CacheTest6 CacheTest8 CacheTest9 HeapDelMinTest1 HeapDelMinTest10 HeapDelMinTest12 HeapDelMinTest14 HeapDelMinTest2 HeapDelMinTest3 HeapDelMinTest4 HeapDelMinTest5 HeapDelMinTest6 HeapDelMinTest7 HeapDelMinTest8 HeapIncDecEltTest0 HeapIncDecEltTest1 HeapIncDecEltTest2 HeapIncDecEltTest3 HeapIncDecEltTest4 HeapIncDecEltTest5 HeapInsertTest0 HeapInsertTest1 HeapInsertTest2 HeapInsertTest3 HeapInsertTest4 , ,
18,Mon Nov 02 02:15:00 EST 2020,18,0,Assignment4Suite,CacheMapTest2 CacheTest3 CacheTest4 CacheTest7 HeapDelMinTest0 HeapDelMinTest11 HeapDelMinTest13 HeapDelMinTest9 , ,CacheHeapTest0 CacheHeapTest1 CacheHeapTest2 CacheHeapTest3 CacheMapTest0 CacheMapTest1 CacheMapTest3 CacheTest0 CacheTest1 CacheTest2 CacheTest5 CacheTest6 CacheTest8 CacheTest9 HeapDelMinTest1 HeapDelMinTest10 HeapDelMinTest12 HeapDelMinTest14 HeapDelMinTest2 HeapDelMinTest3 HeapDelMinTest4 HeapDelMinTest5 HeapDelMinTest6 HeapDelMinTest7 HeapDelMinTest8 HeapIncDecEltTest0 HeapIncDecEltTest1 HeapIncDecEltTest2 HeapIncDecEltTest3 HeapIncDecEltTest4 HeapIncDecEltTest5 HeapInsertTest0 HeapInsertTest1 HeapInsertTest2 HeapInsertTest3 HeapInsertTest4 , ,
19,Mon Nov 02 02:16:32 EST 2020,11,-7,Assignment4Suite,CacheMapTest2 CacheTest3 CacheTest4 CacheTest7 HeapDelMinTest0 , ,CacheHeapTest0 CacheHeapTest1 CacheHeapTest2 CacheHeapTest3 CacheMapTest0 CacheMapTest1 CacheMapTest3 CacheTest0 CacheTest1 CacheTest2 CacheTest5 CacheTest6 CacheTest8 CacheTest9 HeapDelMinTest1 HeapDelMinTest10 HeapDelMinTest11- HeapDelMinTest12 HeapDelMinTest13- HeapDelMinTest14 HeapDelMinTest2 HeapDelMinTest3 HeapDelMinTest4 HeapDelMinTest5 HeapDelMinTest6 HeapDelMinTest7 HeapDelMinTest8 HeapDelMinTest9- HeapIncDecEltTest0 HeapIncDecEltTest1 HeapIncDecEltTest2 HeapIncDecEltTest3 HeapIncDecEltTest4 HeapIncDecEltTest5 HeapInsertTest0 HeapInsertTest1 HeapInsertTest2 HeapInsertTest3 HeapInsertTest4 , ,
20,Mon Nov 02 02:17:40 EST 2020,11,0,Assignment4Suite,CacheMapTest2 CacheTest3 CacheTest4 CacheTest7 HeapDelMinTest0 , ,CacheHeapTest0 CacheHeapTest1 CacheHeapTest2 CacheHeapTest3 CacheMapTest0 CacheMapTest1 CacheMapTest3 CacheTest0 CacheTest1 CacheTest2 CacheTest5 CacheTest6 CacheTest8 CacheTest9 HeapDelMinTest1 HeapDelMinTest10 HeapDelMinTest11 HeapDelMinTest12 HeapDelMinTest13 HeapDelMinTest14 HeapDelMinTest2 HeapDelMinTest3 HeapDelMinTest4 HeapDelMinTest5 HeapDelMinTest6 HeapDelMinTest7 HeapDelMinTest8 HeapDelMinTest9 HeapIncDecEltTest0 HeapIncDecEltTest1 HeapIncDecEltTest2 HeapIncDecEltTest3 HeapIncDecEltTest4 HeapIncDecEltTest5 HeapInsertTest0 HeapInsertTest1 HeapInsertTest2 HeapInsertTest3 HeapInsertTest4 , ,
21,Mon Nov 02 02:19:39 EST 2020,11,0,Assignment4Suite,CacheMapTest2 CacheTest3 CacheTest4 CacheTest7 HeapDelMinTest0 , ,CacheHeapTest0 CacheHeapTest1 CacheHeapTest2 CacheHeapTest3 CacheMapTest0 CacheMapTest1 CacheMapTest3 CacheTest0 CacheTest1 CacheTest2 CacheTest5 CacheTest6 CacheTest8 CacheTest9 HeapDelMinTest1 HeapDelMinTest10 HeapDelMinTest11 HeapDelMinTest12 HeapDelMinTest13 HeapDelMinTest14 HeapDelMinTest2 HeapDelMinTest3 HeapDelMinTest4 HeapDelMinTest5 HeapDelMinTest6 HeapDelMinTest7 HeapDelMinTest8 HeapDelMinTest9 HeapIncDecEltTest0 HeapIncDecEltTest1 HeapIncDecEltTest2 HeapIncDecEltTest3 HeapIncDecEltTest4 HeapIncDecEltTest5 HeapInsertTest0 HeapInsertTest1 HeapInsertTest2 HeapInsertTest3 HeapInsertTest4 , ,
22,Mon Nov 02 02:21:12 EST 2020,18,7,Assignment4Suite,CacheMapTest2 CacheTest3 CacheTest4 CacheTest7 HeapDelMinTest0 HeapDelMinTest11+ HeapDelMinTest13+ HeapDelMinTest9+ , ,CacheHeapTest0 CacheHeapTest1 CacheHeapTest2 CacheHeapTest3 CacheMapTest0 CacheMapTest1 CacheMapTest3 CacheTest0 CacheTest1 CacheTest2 CacheTest5 CacheTest6 CacheTest8 CacheTest9 HeapDelMinTest1 HeapDelMinTest10 HeapDelMinTest12 HeapDelMinTest14 HeapDelMinTest2 HeapDelMinTest3 HeapDelMinTest4 HeapDelMinTest5 HeapDelMinTest6 HeapDelMinTest7 HeapDelMinTest8 HeapIncDecEltTest0 HeapIncDecEltTest1 HeapIncDecEltTest2 HeapIncDecEltTest3 HeapIncDecEltTest4 HeapIncDecEltTest5 HeapInsertTest0 HeapInsertTest1 HeapInsertTest2 HeapInsertTest3 HeapInsertTest4 , ,
23,Mon Nov 02 02:24:55 EST 2020,18,0,Assignment4Suite,CacheMapTest2 CacheTest3 CacheTest4 CacheTest7 HeapDelMinTest0 HeapDelMinTest11 HeapDelMinTest13 HeapDelMinTest9 , ,CacheHeapTest0 CacheHeapTest1 CacheHeapTest2 CacheHeapTest3 CacheMapTest0 CacheMapTest1 CacheMapTest3 CacheTest0 CacheTest1 CacheTest2 CacheTest5 CacheTest6 CacheTest8 CacheTest9 HeapDelMinTest1 HeapDelMinTest10 HeapDelMinTest12 HeapDelMinTest14 HeapDelMinTest2 HeapDelMinTest3 HeapDelMinTest4 HeapDelMinTest5 HeapDelMinTest6 HeapDelMinTest7 HeapDelMinTest8 HeapIncDecEltTest0 HeapIncDecEltTest1 HeapIncDecEltTest2 HeapIncDecEltTest3 HeapIncDecEltTest4 HeapIncDecEltTest5 HeapInsertTest0 HeapInsertTest1 HeapInsertTest2 HeapInsertTest3 HeapInsertTest4 , ,
24,Mon Nov 02 02:25:58 EST 2020,18,0,Assignment4Suite,CacheMapTest2 CacheTest3 CacheTest4 CacheTest7 HeapDelMinTest0 HeapDelMinTest11 HeapDelMinTest13 HeapDelMinTest9 , ,CacheHeapTest0 CacheHeapTest1 CacheHeapTest2 CacheHeapTest3 CacheMapTest0 CacheMapTest1 CacheMapTest3 CacheTest0 CacheTest1 CacheTest2 CacheTest5 CacheTest6 CacheTest8 CacheTest9 HeapDelMinTest1 HeapDelMinTest10 HeapDelMinTest12 HeapDelMinTest14 HeapDelMinTest2 HeapDelMinTest3 HeapDelMinTest4 HeapDelMinTest5 HeapDelMinTest6 HeapDelMinTest7 HeapDelMinTest8 HeapIncDecEltTest0 HeapIncDecEltTest1 HeapIncDecEltTest2 HeapIncDecEltTest3 HeapIncDecEltTest4 HeapIncDecEltTest5 HeapInsertTest0 HeapInsertTest1 HeapInsertTest2 HeapInsertTest3 HeapInsertTest4 , ,
25,Mon Nov 02 02:26:53 EST 2020,18,0,Assignment4Suite,CacheMapTest2 CacheTest3 CacheTest4 CacheTest7 HeapDelMinTest0 HeapDelMinTest11 HeapDelMinTest13 HeapDelMinTest9 , ,CacheHeapTest0 CacheHeapTest1 CacheHeapTest2 CacheHeapTest3 CacheMapTest0 CacheMapTest1 CacheMapTest3 CacheTest0 CacheTest1 CacheTest2 CacheTest5 CacheTest6 CacheTest8 CacheTest9 HeapDelMinTest1 HeapDelMinTest10 HeapDelMinTest12 HeapDelMinTest14 HeapDelMinTest2 HeapDelMinTest3 HeapDelMinTest4 HeapDelMinTest5 HeapDelMinTest6 HeapDelMinTest7 HeapDelMinTest8 HeapIncDecEltTest0 HeapIncDecEltTest1 HeapIncDecEltTest2 HeapIncDecEltTest3 HeapIncDecEltTest4 HeapIncDecEltTest5 HeapInsertTest0 HeapInsertTest1 HeapInsertTest2 HeapInsertTest3 HeapInsertTest4 , ,
26,Mon Nov 02 02:28:01 EST 2020,18,0,Assignment4Suite,CacheMapTest2 CacheTest3 CacheTest4 CacheTest7 HeapDelMinTest0 HeapDelMinTest11 HeapDelMinTest13 HeapDelMinTest9 , ,CacheHeapTest0 CacheHeapTest1 CacheHeapTest2 CacheHeapTest3 CacheMapTest0 CacheMapTest1 CacheMapTest3 CacheTest0 CacheTest1 CacheTest2 CacheTest5 CacheTest6 CacheTest8 CacheTest9 HeapDelMinTest1 HeapDelMinTest10 HeapDelMinTest12 HeapDelMinTest14 HeapDelMinTest2 HeapDelMinTest3 HeapDelMinTest4 HeapDelMinTest5 HeapDelMinTest6 HeapDelMinTest7 HeapDelMinTest8 HeapIncDecEltTest0 HeapIncDecEltTest1 HeapIncDecEltTest2 HeapIncDecEltTest3 HeapIncDecEltTest4 HeapIncDecEltTest5 HeapInsertTest0 HeapInsertTest1 HeapInsertTest2 HeapInsertTest3 HeapInsertTest4 , ,
27,Mon Nov 02 02:28:31 EST 2020,20,2,Assignment4Suite,CacheMapTest2 CacheTest3 CacheTest4 CacheTest7 HeapDelMinTest0 HeapDelMinTest11 HeapDelMinTest13 HeapDelMinTest9 HeapInsertTest0+ , ,CacheHeapTest0 CacheHeapTest1 CacheHeapTest2 CacheHeapTest3 CacheMapTest0 CacheMapTest1 CacheMapTest3 CacheTest0 CacheTest1 CacheTest2 CacheTest5 CacheTest6 CacheTest8 CacheTest9 HeapDelMinTest1 HeapDelMinTest10 HeapDelMinTest12 HeapDelMinTest14 HeapDelMinTest2 HeapDelMinTest3 HeapDelMinTest4 HeapDelMinTest5 HeapDelMinTest6 HeapDelMinTest7 HeapDelMinTest8 HeapIncDecEltTest0 HeapIncDecEltTest1 HeapIncDecEltTest2 HeapIncDecEltTest3 HeapIncDecEltTest4 HeapIncDecEltTest5 HeapInsertTest1 HeapInsertTest2 HeapInsertTest3 HeapInsertTest4 , ,
28,Mon Nov 02 02:31:35 EST 2020,20,0,Assignment4Suite,CacheMapTest2 CacheTest3 CacheTest4 CacheTest7 HeapDelMinTest0 HeapDelMinTest11 HeapDelMinTest13 HeapDelMinTest9 HeapInsertTest0 , ,CacheHeapTest0 CacheHeapTest1 CacheHeapTest2 CacheHeapTest3 CacheMapTest0 CacheMapTest1 CacheMapTest3 CacheTest0 CacheTest1 CacheTest2 CacheTest5 CacheTest6 CacheTest8 CacheTest9 HeapDelMinTest1 HeapDelMinTest10 HeapDelMinTest12 HeapDelMinTest14 HeapDelMinTest2 HeapDelMinTest3 HeapDelMinTest4 HeapDelMinTest5 HeapDelMinTest6 HeapDelMinTest7 HeapDelMinTest8 HeapIncDecEltTest0 HeapIncDecEltTest1 HeapIncDecEltTest2 HeapIncDecEltTest3 HeapIncDecEltTest4 HeapIncDecEltTest5 HeapInsertTest1 HeapInsertTest2 HeapInsertTest3 HeapInsertTest4 , ,
29,Mon Nov 02 02:33:52 EST 2020,20,0,Assignment4Suite,CacheMapTest2 CacheTest3 CacheTest4 CacheTest7 HeapDelMinTest0 HeapDelMinTest11 HeapDelMinTest13 HeapDelMinTest9 HeapInsertTest0 , ,CacheHeapTest0 CacheHeapTest1 CacheHeapTest2 CacheHeapTest3 CacheMapTest0 CacheMapTest1 CacheMapTest3 CacheTest0 CacheTest1 CacheTest2 CacheTest5 CacheTest6 CacheTest8 CacheTest9 HeapDelMinTest1 HeapDelMinTest10 HeapDelMinTest12 HeapDelMinTest14 HeapDelMinTest2 HeapDelMinTest3 HeapDelMinTest4 HeapDelMinTest5 HeapDelMinTest6 HeapDelMinTest7 HeapDelMinTest8 HeapIncDecEltTest0 HeapIncDecEltTest1 HeapIncDecEltTest2 HeapIncDecEltTest3 HeapIncDecEltTest4 HeapIncDecEltTest5 HeapInsertTest1 HeapInsertTest2 HeapInsertTest3 HeapInsertTest4 , ,
30,Mon Nov 02 02:35:43 EST 2020,20,0,Assignment4Suite,CacheMapTest2 CacheTest3 CacheTest4 CacheTest7 HeapDelMinTest0 HeapDelMinTest11 HeapDelMinTest13 HeapDelMinTest9 HeapInsertTest0 , ,CacheHeapTest0 CacheHeapTest1 CacheHeapTest2 CacheHeapTest3 CacheMapTest0 CacheMapTest1 CacheMapTest3 CacheTest0 CacheTest1 CacheTest2 CacheTest5 CacheTest6 CacheTest8 CacheTest9 HeapDelMinTest1 HeapDelMinTest10 HeapDelMinTest12 HeapDelMinTest14 HeapDelMinTest2 HeapDelMinTest3 HeapDelMinTest4 HeapDelMinTest5 HeapDelMinTest6 HeapDelMinTest7 HeapDelMinTest8 HeapIncDecEltTest0 HeapIncDecEltTest1 HeapIncDecEltTest2 HeapIncDecEltTest3 HeapIncDecEltTest4 HeapIncDecEltTest5 HeapInsertTest1 HeapInsertTest2 HeapInsertTest3 HeapInsertTest4 , ,
31,Mon Nov 02 02:42:10 EST 2020,36,16,Assignment4Suite,CacheMapTest2 CacheTest3 CacheTest4 CacheTest7 HeapDelMinTest0 HeapDelMinTest11 HeapDelMinTest13 HeapDelMinTest2+ HeapDelMinTest5+ HeapDelMinTest7+ HeapDelMinTest9 HeapInsertTest0 HeapInsertTest1+ HeapInsertTest2+ HeapInsertTest3+ HeapInsertTest4+ , ,CacheHeapTest0 CacheHeapTest1 CacheHeapTest2 CacheHeapTest3 CacheMapTest0 CacheMapTest1 CacheMapTest3 CacheTest0 CacheTest1 CacheTest2 CacheTest5 CacheTest6 CacheTest8 CacheTest9 HeapDelMinTest1 HeapDelMinTest10 HeapDelMinTest12 HeapDelMinTest14 HeapDelMinTest3 HeapDelMinTest4 HeapDelMinTest6 HeapDelMinTest8 HeapIncDecEltTest0 HeapIncDecEltTest1 HeapIncDecEltTest2 HeapIncDecEltTest3 HeapIncDecEltTest4 HeapIncDecEltTest5 , ,
32,Mon Nov 02 02:44:01 EST 2020,0,-36,Assignment4Suite, , ,CacheHeapTest0 CacheHeapTest1 CacheHeapTest2 CacheHeapTest3 CacheMapTest0 CacheMapTest1 CacheMapTest2- CacheMapTest3 CacheTest0 CacheTest1 CacheTest2 CacheTest3- CacheTest4- CacheTest5 CacheTest6 CacheTest7- CacheTest8 CacheTest9 HeapDelMinTest0- HeapDelMinTest1 HeapDelMinTest10 HeapDelMinTest11- HeapDelMinTest12 HeapDelMinTest13- HeapDelMinTest14 HeapDelMinTest2- HeapDelMinTest3 HeapDelMinTest4 HeapDelMinTest5- HeapDelMinTest6 HeapDelMinTest7- HeapDelMinTest8 HeapDelMinTest9- HeapIncDecEltTest0 HeapIncDecEltTest1 HeapIncDecEltTest2 HeapIncDecEltTest3 HeapIncDecEltTest4 HeapIncDecEltTest5 HeapInsertTest0- HeapInsertTest1- HeapInsertTest2- HeapInsertTest3- HeapInsertTest4- , ,
33,Mon Nov 02 02:45:42 EST 2020,36,36,Assignment4Suite,CacheMapTest2+ CacheTest3+ CacheTest4+ CacheTest7+ HeapDelMinTest0+ HeapDelMinTest11+ HeapDelMinTest13+ HeapDelMinTest2+ HeapDelMinTest5+ HeapDelMinTest7+ HeapDelMinTest9+ HeapInsertTest0+ HeapInsertTest1+ HeapInsertTest2+ HeapInsertTest3+ HeapInsertTest4+ , ,CacheHeapTest0 CacheHeapTest1 CacheHeapTest2 CacheHeapTest3 CacheMapTest0 CacheMapTest1 CacheMapTest3 CacheTest0 CacheTest1 CacheTest2 CacheTest5 CacheTest6 CacheTest8 CacheTest9 HeapDelMinTest1 HeapDelMinTest10 HeapDelMinTest12 HeapDelMinTest14 HeapDelMinTest3 HeapDelMinTest4 HeapDelMinTest6 HeapDelMinTest8 HeapIncDecEltTest0 HeapIncDecEltTest1 HeapIncDecEltTest2 HeapIncDecEltTest3 HeapIncDecEltTest4 HeapIncDecEltTest5 , ,
34,Mon Nov 02 02:49:10 EST 2020,40,4,Assignment4Suite,CacheMapTest2 CacheTest3 CacheTest4 CacheTest7 HeapDelMinTest0 HeapDelMinTest11 HeapDelMinTest13 HeapDelMinTest2 HeapDelMinTest5 HeapDelMinTest7 HeapDelMinTest9 HeapIncDecEltTest0+ HeapIncDecEltTest1+ HeapInsertTest0 HeapInsertTest1 HeapInsertTest2 HeapInsertTest3 HeapInsertTest4 , ,CacheHeapTest0 CacheHeapTest1 CacheHeapTest2 CacheHeapTest3 CacheMapTest0 CacheMapTest1 CacheMapTest3 CacheTest0 CacheTest1 CacheTest2 CacheTest5 CacheTest6 CacheTest8 CacheTest9 HeapDelMinTest1 HeapDelMinTest10 HeapDelMinTest12 HeapDelMinTest14 HeapDelMinTest3 HeapDelMinTest4 HeapDelMinTest6 HeapDelMinTest8 HeapIncDecEltTest2 HeapIncDecEltTest3 HeapIncDecEltTest4 HeapIncDecEltTest5 , ,
35,Mon Nov 02 02:53:36 EST 2020,43,3,Assignment4Suite,CacheMapTest2 CacheTest3 CacheTest4 CacheTest7 HeapDelMinTest0 HeapDelMinTest11 HeapDelMinTest13 HeapDelMinTest2 HeapDelMinTest5 HeapDelMinTest7 HeapDelMinTest9 HeapIncDecEltTest0 HeapIncDecEltTest1 HeapIncDecEltTest2+ HeapInsertTest0 HeapInsertTest1 HeapInsertTest2 HeapInsertTest3 HeapInsertTest4 , ,CacheHeapTest0 CacheHeapTest1 CacheHeapTest2 CacheHeapTest3 CacheMapTest0 CacheMapTest1 CacheMapTest3 CacheTest0 CacheTest1 CacheTest2 CacheTest5 CacheTest6 CacheTest8 CacheTest9 HeapDelMinTest1 HeapDelMinTest10 HeapDelMinTest12 HeapDelMinTest14 HeapDelMinTest3 HeapDelMinTest4 HeapDelMinTest6 HeapDelMinTest8 HeapIncDecEltTest3 HeapIncDecEltTest4 HeapIncDecEltTest5 , ,
36,Mon Nov 02 02:58:30 EST 2020,50,7,Assignment4Suite,CacheMapTest2 CacheTest3 CacheTest4 CacheTest7 HeapDelMinTest0 HeapDelMinTest11 HeapDelMinTest13 HeapDelMinTest2 HeapDelMinTest5 HeapDelMinTest7 HeapDelMinTest9 HeapIncDecEltTest0 HeapIncDecEltTest1 HeapIncDecEltTest2 HeapIncDecEltTest3+ HeapIncDecEltTest4+ HeapIncDecEltTest5+ HeapInsertTest0 HeapInsertTest1 HeapInsertTest2 HeapInsertTest3 HeapInsertTest4 , ,CacheHeapTest0 CacheHeapTest1 CacheHeapTest2 CacheHeapTest3 CacheMapTest0 CacheMapTest1 CacheMapTest3 CacheTest0 CacheTest1 CacheTest2 CacheTest5 CacheTest6 CacheTest8 CacheTest9 HeapDelMinTest1 HeapDelMinTest10 HeapDelMinTest12 HeapDelMinTest14 HeapDelMinTest3 HeapDelMinTest4 HeapDelMinTest6 HeapDelMinTest8 , ,
37,Mon Nov 02 03:02:06 EST 2020,52,2,Assignment4Suite,CacheMapTest2 CacheTest3 CacheTest4 CacheTest7 HeapDelMinTest0 HeapDelMinTest1+ HeapDelMinTest11 HeapDelMinTest13 HeapDelMinTest2 HeapDelMinTest5 HeapDelMinTest7 HeapDelMinTest9 HeapIncDecEltTest0 HeapIncDecEltTest1 HeapIncDecEltTest2 HeapIncDecEltTest3 HeapIncDecEltTest4 HeapIncDecEltTest5 HeapInsertTest0 HeapInsertTest1 HeapInsertTest2 HeapInsertTest3 HeapInsertTest4 , ,CacheHeapTest0 CacheHeapTest1 CacheHeapTest2 CacheHeapTest3 CacheMapTest0 CacheMapTest1 CacheMapTest3 CacheTest0 CacheTest1 CacheTest2 CacheTest5 CacheTest6 CacheTest8 CacheTest9 HeapDelMinTest10 HeapDelMinTest12 HeapDelMinTest14 HeapDelMinTest3 HeapDelMinTest4 HeapDelMinTest6 HeapDelMinTest8 , ,
38,Mon Nov 02 03:04:31 EST 2020,52,0,Assignment4Suite,CacheMapTest2 CacheTest3 CacheTest4 CacheTest7 HeapDelMinTest0 HeapDelMinTest1 HeapDelMinTest11 HeapDelMinTest13 HeapDelMinTest2 HeapDelMinTest5 HeapDelMinTest7 HeapDelMinTest9 HeapIncDecEltTest0 HeapIncDecEltTest1 HeapIncDecEltTest2 HeapIncDecEltTest3 HeapIncDecEltTest4 HeapIncDecEltTest5 HeapInsertTest0 HeapInsertTest1 HeapInsertTest2 HeapInsertTest3 HeapInsertTest4 , ,CacheHeapTest0 CacheHeapTest1 CacheHeapTest2 CacheHeapTest3 CacheMapTest0 CacheMapTest1 CacheMapTest3 CacheTest0 CacheTest1 CacheTest2 CacheTest5 CacheTest6 CacheTest8 CacheTest9 HeapDelMinTest10 HeapDelMinTest12 HeapDelMinTest14 HeapDelMinTest3 HeapDelMinTest4 HeapDelMinTest6 HeapDelMinTest8 , ,
39,Mon Nov 02 03:05:25 EST 2020,52,0,Assignment4Suite,CacheMapTest2 CacheTest3 CacheTest4 CacheTest7 HeapDelMinTest0 HeapDelMinTest1 HeapDelMinTest11 HeapDelMinTest13 HeapDelMinTest2 HeapDelMinTest5 HeapDelMinTest7 HeapDelMinTest9 HeapIncDecEltTest0 HeapIncDecEltTest1 HeapIncDecEltTest2 HeapIncDecEltTest3 HeapIncDecEltTest4 HeapIncDecEltTest5 HeapInsertTest0 HeapInsertTest1 HeapInsertTest2 HeapInsertTest3 HeapInsertTest4 , ,CacheHeapTest0 CacheHeapTest1 CacheHeapTest2 CacheHeapTest3 CacheMapTest0 CacheMapTest1 CacheMapTest3 CacheTest0 CacheTest1 CacheTest2 CacheTest5 CacheTest6 CacheTest8 CacheTest9 HeapDelMinTest10 HeapDelMinTest12 HeapDelMinTest14 HeapDelMinTest3 HeapDelMinTest4 HeapDelMinTest6 HeapDelMinTest8 , ,
40,Mon Nov 02 03:06:26 EST 2020,52,0,Assignment4Suite,CacheMapTest2 CacheTest3 CacheTest4 CacheTest7 HeapDelMinTest0 HeapDelMinTest1 HeapDelMinTest11 HeapDelMinTest13 HeapDelMinTest2 HeapDelMinTest5 HeapDelMinTest7 HeapDelMinTest9 HeapIncDecEltTest0 HeapIncDecEltTest1 HeapIncDecEltTest2 HeapIncDecEltTest3 HeapIncDecEltTest4 HeapIncDecEltTest5 HeapInsertTest0 HeapInsertTest1 HeapInsertTest2 HeapInsertTest3 HeapInsertTest4 , ,CacheHeapTest0 CacheHeapTest1 CacheHeapTest2 CacheHeapTest3 CacheMapTest0 CacheMapTest1 CacheMapTest3 CacheTest0 CacheTest1 CacheTest2 CacheTest5 CacheTest6 CacheTest8 CacheTest9 HeapDelMinTest10 HeapDelMinTest12 HeapDelMinTest14 HeapDelMinTest3 HeapDelMinTest4 HeapDelMinTest6 HeapDelMinTest8 , ,
41,Mon Nov 02 03:07:20 EST 2020,52,0,Assignment4Suite,CacheMapTest2 CacheTest3 CacheTest4 CacheTest7 HeapDelMinTest0 HeapDelMinTest1 HeapDelMinTest11 HeapDelMinTest13 HeapDelMinTest2 HeapDelMinTest5 HeapDelMinTest7 HeapDelMinTest9 HeapIncDecEltTest0 HeapIncDecEltTest1 HeapIncDecEltTest2 HeapIncDecEltTest3 HeapIncDecEltTest4 HeapIncDecEltTest5 HeapInsertTest0 HeapInsertTest1 HeapInsertTest2 HeapInsertTest3 HeapInsertTest4 , ,CacheHeapTest0 CacheHeapTest1 CacheHeapTest2 CacheHeapTest3 CacheMapTest0 CacheMapTest1 CacheMapTest3 CacheTest0 CacheTest1 CacheTest2 CacheTest5 CacheTest6 CacheTest8 CacheTest9 HeapDelMinTest10 HeapDelMinTest12 HeapDelMinTest14 HeapDelMinTest3 HeapDelMinTest4 HeapDelMinTest6 HeapDelMinTest8 , ,
42,Mon Nov 02 03:09:15 EST 2020,52,0,Assignment4Suite,CacheMapTest2 CacheTest3 CacheTest4 CacheTest7 HeapDelMinTest0 HeapDelMinTest1 HeapDelMinTest11 HeapDelMinTest13 HeapDelMinTest2 HeapDelMinTest5 HeapDelMinTest7 HeapDelMinTest9 HeapIncDecEltTest0 HeapIncDecEltTest1 HeapIncDecEltTest2 HeapIncDecEltTest3 HeapIncDecEltTest4 HeapIncDecEltTest5 HeapInsertTest0 HeapInsertTest1 HeapInsertTest2 HeapInsertTest3 HeapInsertTest4 , ,CacheHeapTest0 CacheHeapTest1 CacheHeapTest2 CacheHeapTest3 CacheMapTest0 CacheMapTest1 CacheMapTest3 CacheTest0 CacheTest1 CacheTest2 CacheTest5 CacheTest6 CacheTest8 CacheTest9 HeapDelMinTest10 HeapDelMinTest12 HeapDelMinTest14 HeapDelMinTest3 HeapDelMinTest4 HeapDelMinTest6 HeapDelMinTest8 , ,
43,Mon Nov 02 03:12:09 EST 2020,52,0,Assignment4Suite,CacheMapTest2 CacheTest3 CacheTest4 CacheTest7 HeapDelMinTest0 HeapDelMinTest1 HeapDelMinTest11 HeapDelMinTest13 HeapDelMinTest2 HeapDelMinTest5 HeapDelMinTest7 HeapDelMinTest9 HeapIncDecEltTest0 HeapIncDecEltTest1 HeapIncDecEltTest2 HeapIncDecEltTest3 HeapIncDecEltTest4 HeapIncDecEltTest5 HeapInsertTest0 HeapInsertTest1 HeapInsertTest2 HeapInsertTest3 HeapInsertTest4 , ,CacheHeapTest0 CacheHeapTest1 CacheHeapTest2 CacheHeapTest3 CacheMapTest0 CacheMapTest1 CacheMapTest3 CacheTest0 CacheTest1 CacheTest2 CacheTest5 CacheTest6 CacheTest8 CacheTest9 HeapDelMinTest10 HeapDelMinTest12 HeapDelMinTest14 HeapDelMinTest3 HeapDelMinTest4 HeapDelMinTest6 HeapDelMinTest8 , ,
44,Mon Nov 02 03:14:10 EST 2020,52,0,Assignment4Suite,CacheMapTest2 CacheTest3 CacheTest4 CacheTest7 HeapDelMinTest0 HeapDelMinTest1 HeapDelMinTest11 HeapDelMinTest13 HeapDelMinTest2 HeapDelMinTest5 HeapDelMinTest7 HeapDelMinTest9 HeapIncDecEltTest0 HeapIncDecEltTest1 HeapIncDecEltTest2 HeapIncDecEltTest3 HeapIncDecEltTest4 HeapIncDecEltTest5 HeapInsertTest0 HeapInsertTest1 HeapInsertTest2 HeapInsertTest3 HeapInsertTest4 , ,CacheHeapTest0 CacheHeapTest1 CacheHeapTest2 CacheHeapTest3 CacheMapTest0 CacheMapTest1 CacheMapTest3 CacheTest0 CacheTest1 CacheTest2 CacheTest5 CacheTest6 CacheTest8 CacheTest9 HeapDelMinTest10 HeapDelMinTest12 HeapDelMinTest14 HeapDelMinTest3 HeapDelMinTest4 HeapDelMinTest6 HeapDelMinTest8 , ,
45,Mon Nov 02 03:14:51 EST 2020,52,0,Assignment4Suite,CacheMapTest2 CacheTest3 CacheTest4 CacheTest7 HeapDelMinTest0 HeapDelMinTest1 HeapDelMinTest11 HeapDelMinTest13 HeapDelMinTest2 HeapDelMinTest5 HeapDelMinTest7 HeapDelMinTest9 HeapIncDecEltTest0 HeapIncDecEltTest1 HeapIncDecEltTest2 HeapIncDecEltTest3 HeapIncDecEltTest4 HeapIncDecEltTest5 HeapInsertTest0 HeapInsertTest1 HeapInsertTest2 HeapInsertTest3 HeapInsertTest4 , ,CacheHeapTest0 CacheHeapTest1 CacheHeapTest2 CacheHeapTest3 CacheMapTest0 CacheMapTest1 CacheMapTest3 CacheTest0 CacheTest1 CacheTest2 CacheTest5 CacheTest6 CacheTest8 CacheTest9 HeapDelMinTest10 HeapDelMinTest12 HeapDelMinTest14 HeapDelMinTest3 HeapDelMinTest4 HeapDelMinTest6 HeapDelMinTest8 , ,
46,Mon Nov 02 03:17:26 EST 2020,52,0,Assignment4Suite,CacheMapTest2 CacheTest3 CacheTest4 CacheTest7 HeapDelMinTest0 HeapDelMinTest1 HeapDelMinTest11 HeapDelMinTest13 HeapDelMinTest2 HeapDelMinTest5 HeapDelMinTest7 HeapDelMinTest9 HeapIncDecEltTest0 HeapIncDecEltTest1 HeapIncDecEltTest2 HeapIncDecEltTest3 HeapIncDecEltTest4 HeapIncDecEltTest5 HeapInsertTest0 HeapInsertTest1 HeapInsertTest2 HeapInsertTest3 HeapInsertTest4 , ,CacheHeapTest0 CacheHeapTest1 CacheHeapTest2 CacheHeapTest3 CacheMapTest0 CacheMapTest1 CacheMapTest3 CacheTest0 CacheTest1 CacheTest2 CacheTest5 CacheTest6 CacheTest8 CacheTest9 HeapDelMinTest10 HeapDelMinTest12 HeapDelMinTest14 HeapDelMinTest3 HeapDelMinTest4 HeapDelMinTest6 HeapDelMinTest8 , ,
47,Mon Nov 02 03:18:12 EST 2020,52,0,Assignment4Suite,CacheMapTest2 CacheTest3 CacheTest4 CacheTest7 HeapDelMinTest0 HeapDelMinTest1 HeapDelMinTest11 HeapDelMinTest13 HeapDelMinTest2 HeapDelMinTest5 HeapDelMinTest7 HeapDelMinTest9 HeapIncDecEltTest0 HeapIncDecEltTest1 HeapIncDecEltTest2 HeapIncDecEltTest3 HeapIncDecEltTest4 HeapIncDecEltTest5 HeapInsertTest0 HeapInsertTest1 HeapInsertTest2 HeapInsertTest3 HeapInsertTest4 , ,CacheHeapTest0 CacheHeapTest1 CacheHeapTest2 CacheHeapTest3 CacheMapTest0 CacheMapTest1 CacheMapTest3 CacheTest0 CacheTest1 CacheTest2 CacheTest5 CacheTest6 CacheTest8 CacheTest9 HeapDelMinTest10 HeapDelMinTest12 HeapDelMinTest14 HeapDelMinTest3 HeapDelMinTest4 HeapDelMinTest6 HeapDelMinTest8 , ,
48,Mon Nov 02 03:19:01 EST 2020,52,0,Assignment4Suite,CacheMapTest2 CacheTest3 CacheTest4 CacheTest7 HeapDelMinTest0 HeapDelMinTest1 HeapDelMinTest11 HeapDelMinTest13 HeapDelMinTest2 HeapDelMinTest5 HeapDelMinTest7 HeapDelMinTest9 HeapIncDecEltTest0 HeapIncDecEltTest1 HeapIncDecEltTest2 HeapIncDecEltTest3 HeapIncDecEltTest4 HeapIncDecEltTest5 HeapInsertTest0 HeapInsertTest1 HeapInsertTest2 HeapInsertTest3 HeapInsertTest4 , ,CacheHeapTest0 CacheHeapTest1 CacheHeapTest2 CacheHeapTest3 CacheMapTest0 CacheMapTest1 CacheMapTest3 CacheTest0 CacheTest1 CacheTest2 CacheTest5 CacheTest6 CacheTest8 CacheTest9 HeapDelMinTest10 HeapDelMinTest12 HeapDelMinTest14 HeapDelMinTest3 HeapDelMinTest4 HeapDelMinTest6 HeapDelMinTest8 , ,
49,Mon Nov 02 03:19:44 EST 2020,52,0,Assignment4Suite,CacheMapTest2 CacheTest3 CacheTest4 CacheTest7 HeapDelMinTest0 HeapDelMinTest1 HeapDelMinTest11 HeapDelMinTest13 HeapDelMinTest2 HeapDelMinTest5 HeapDelMinTest7 HeapDelMinTest9 HeapIncDecEltTest0 HeapIncDecEltTest1 HeapIncDecEltTest2 HeapIncDecEltTest3 HeapIncDecEltTest4 HeapIncDecEltTest5 HeapInsertTest0 HeapInsertTest1 HeapInsertTest2 HeapInsertTest3 HeapInsertTest4 , ,CacheHeapTest0 CacheHeapTest1 CacheHeapTest2 CacheHeapTest3 CacheMapTest0 CacheMapTest1 CacheMapTest3 CacheTest0 CacheTest1 CacheTest2 CacheTest5 CacheTest6 CacheTest8 CacheTest9 HeapDelMinTest10 HeapDelMinTest12 HeapDelMinTest14 HeapDelMinTest3 HeapDelMinTest4 HeapDelMinTest6 HeapDelMinTest8 , ,
50,Mon Nov 02 03:24:14 EST 2020,56,4,Assignment4Suite,CacheMapTest2 CacheTest3 CacheTest4 CacheTest7 HeapDelMinTest0 HeapDelMinTest1 HeapDelMinTest11 HeapDelMinTest13 HeapDelMinTest2 HeapDelMinTest3+ HeapDelMinTest5 HeapDelMinTest6+ HeapDelMinTest7 HeapDelMinTest9 HeapIncDecEltTest0 HeapIncDecEltTest1 HeapIncDecEltTest2 HeapIncDecEltTest3 HeapIncDecEltTest4 HeapIncDecEltTest5 HeapInsertTest0 HeapInsertTest1 HeapInsertTest2 HeapInsertTest3 HeapInsertTest4 , ,CacheHeapTest0 CacheHeapTest1 CacheHeapTest2 CacheHeapTest3 CacheMapTest0 CacheMapTest1 CacheMapTest3 CacheTest0 CacheTest1 CacheTest2 CacheTest5 CacheTest6 CacheTest8 CacheTest9 HeapDelMinTest10 HeapDelMinTest12 HeapDelMinTest14 HeapDelMinTest4 HeapDelMinTest8 , ,
51,Mon Nov 02 03:25:29 EST 2020,68,12,Assignment4Suite,CacheMapTest2 CacheTest3 CacheTest4 CacheTest7 HeapDelMinTest0 HeapDelMinTest1 HeapDelMinTest10+ HeapDelMinTest11 HeapDelMinTest12+ HeapDelMinTest13 HeapDelMinTest14+ HeapDelMinTest2 HeapDelMinTest3 HeapDelMinTest4+ HeapDelMinTest5 HeapDelMinTest6 HeapDelMinTest7 HeapDelMinTest8+ HeapDelMinTest9 HeapIncDecEltTest0 HeapIncDecEltTest1 HeapIncDecEltTest2 HeapIncDecEltTest3 HeapIncDecEltTest4 HeapIncDecEltTest5 HeapInsertTest0 HeapInsertTest1 HeapInsertTest2 HeapInsertTest3 HeapInsertTest4 , ,CacheHeapTest0 CacheHeapTest1 CacheHeapTest2 CacheHeapTest3 CacheMapTest0 CacheMapTest1 CacheMapTest3 CacheTest0 CacheTest1 CacheTest2 CacheTest5 CacheTest6 CacheTest8 CacheTest9 , ,
52,Mon Nov 02 16:01:15 EST 2020,70,2,Assignment4Suite,CacheMapTest2 CacheTest1+ CacheTest3 CacheTest4 CacheTest7 HeapDelMinTest0 HeapDelMinTest1 HeapDelMinTest10 HeapDelMinTest11 HeapDelMinTest12 HeapDelMinTest13 HeapDelMinTest14 HeapDelMinTest2 HeapDelMinTest3 HeapDelMinTest4 HeapDelMinTest5 HeapDelMinTest6 HeapDelMinTest7 HeapDelMinTest8 HeapDelMinTest9 HeapIncDecEltTest0 HeapIncDecEltTest1 HeapIncDecEltTest2 HeapIncDecEltTest3 HeapIncDecEltTest4 HeapIncDecEltTest5 HeapInsertTest0 HeapInsertTest1 HeapInsertTest2 HeapInsertTest3 HeapInsertTest4 , ,CacheHeapTest0 CacheHeapTest1 CacheHeapTest2 CacheHeapTest3 CacheMapTest0 CacheMapTest1 CacheMapTest3 CacheTest0 CacheTest2 CacheTest5 CacheTest6 CacheTest8 CacheTest9 , ,
53,Mon Nov 02 16:07:21 EST 2020,79,9,Assignment4Suite,CacheHeapTest0+ CacheMapTest0+ CacheMapTest1+ CacheTest0+ CacheTest1 CacheTest2+ CacheTest3 CacheTest4 CacheTest7 HeapDelMinTest0 HeapDelMinTest1 HeapDelMinTest10 HeapDelMinTest11 HeapDelMinTest12 HeapDelMinTest13 HeapDelMinTest14 HeapDelMinTest2 HeapDelMinTest3 HeapDelMinTest4 HeapDelMinTest5 HeapDelMinTest6 HeapDelMinTest7 HeapDelMinTest8 HeapDelMinTest9 HeapIncDecEltTest0 HeapIncDecEltTest1 HeapIncDecEltTest2 HeapIncDecEltTest3 HeapIncDecEltTest4 HeapIncDecEltTest5 HeapInsertTest0 HeapInsertTest1 HeapInsertTest2 HeapInsertTest3 HeapInsertTest4 , ,CacheHeapTest1 CacheHeapTest2 CacheHeapTest3 CacheMapTest2- CacheMapTest3 CacheTest5 CacheTest6 CacheTest8 CacheTest9 , ,
54,Mon Nov 02 16:08:29 EST 2020,88,9,Assignment4Suite,CacheHeapTest0 CacheHeapTest3+ CacheMapTest0 CacheMapTest1 CacheTest0 CacheTest1 CacheTest3 CacheTest4 CacheTest5+ CacheTest6+ CacheTest7 CacheTest8+ CacheTest9+ HeapDelMinTest0 HeapDelMinTest1 HeapDelMinTest10 HeapDelMinTest11 HeapDelMinTest12 HeapDelMinTest13 HeapDelMinTest14 HeapDelMinTest2 HeapDelMinTest3 HeapDelMinTest4 HeapDelMinTest5 HeapDelMinTest6 HeapDelMinTest7 HeapDelMinTest8 HeapDelMinTest9 HeapIncDecEltTest0 HeapIncDecEltTest1 HeapIncDecEltTest2 HeapIncDecEltTest3 HeapIncDecEltTest4 HeapIncDecEltTest5 HeapInsertTest0 HeapInsertTest1 HeapInsertTest2 HeapInsertTest3 HeapInsertTest4 , ,CacheHeapTest1 CacheHeapTest2 CacheMapTest2 CacheMapTest3 CacheTest2- , ,
55,Mon Nov 02 16:09:35 EST 2020,93,5,Assignment4Suite,CacheHeapTest0 CacheHeapTest3 CacheMapTest0 CacheMapTest1 CacheMapTest3+ CacheTest0 CacheTest1 CacheTest2+ CacheTest3 CacheTest4 CacheTest5 CacheTest6 CacheTest7 CacheTest8 CacheTest9 HeapDelMinTest0 HeapDelMinTest1 HeapDelMinTest10 HeapDelMinTest11 HeapDelMinTest12 HeapDelMinTest13 HeapDelMinTest14 HeapDelMinTest2 HeapDelMinTest3 HeapDelMinTest4 HeapDelMinTest5 HeapDelMinTest6 HeapDelMinTest7 HeapDelMinTest8 HeapDelMinTest9 HeapIncDecEltTest0 HeapIncDecEltTest1 HeapIncDecEltTest2 HeapIncDecEltTest3 HeapIncDecEltTest4 HeapIncDecEltTest5 HeapInsertTest0 HeapInsertTest1 HeapInsertTest2 HeapInsertTest3 HeapInsertTest4 , ,CacheHeapTest1 CacheHeapTest2 CacheMapTest2 , ,
56,Mon Nov 02 16:13:08 EST 2020,93,0,Assignment4Suite,CacheHeapTest0 CacheHeapTest3 CacheMapTest0 CacheMapTest1 CacheMapTest3 CacheTest0 CacheTest1 CacheTest2 CacheTest3 CacheTest4 CacheTest5 CacheTest6 CacheTest7 CacheTest8 CacheTest9 HeapDelMinTest0 HeapDelMinTest1 HeapDelMinTest10 HeapDelMinTest11 HeapDelMinTest12 HeapDelMinTest13 HeapDelMinTest14 HeapDelMinTest2 HeapDelMinTest3 HeapDelMinTest4 HeapDelMinTest5 HeapDelMinTest6 HeapDelMinTest7 HeapDelMinTest8 HeapDelMinTest9 HeapIncDecEltTest0 HeapIncDecEltTest1 HeapIncDecEltTest2 HeapIncDecEltTest3 HeapIncDecEltTest4 HeapIncDecEltTest5 HeapInsertTest0 HeapInsertTest1 HeapInsertTest2 HeapInsertTest3 HeapInsertTest4 , ,CacheHeapTest1 CacheHeapTest2 CacheMapTest2 , ,
57,Mon Nov 02 16:19:51 EST 2020,93,0,Assignment4Suite,CacheHeapTest0 CacheHeapTest3 CacheMapTest0 CacheMapTest1 CacheMapTest3 CacheTest0 CacheTest1 CacheTest2 CacheTest3 CacheTest4 CacheTest5 CacheTest6 CacheTest7 CacheTest8 CacheTest9 HeapDelMinTest0 HeapDelMinTest1 HeapDelMinTest10 HeapDelMinTest11 HeapDelMinTest12 HeapDelMinTest13 HeapDelMinTest14 HeapDelMinTest2 HeapDelMinTest3 HeapDelMinTest4 HeapDelMinTest5 HeapDelMinTest6 HeapDelMinTest7 HeapDelMinTest8 HeapDelMinTest9 HeapIncDecEltTest0 HeapIncDecEltTest1 HeapIncDecEltTest2 HeapIncDecEltTest3 HeapIncDecEltTest4 HeapIncDecEltTest5 HeapInsertTest0 HeapInsertTest1 HeapInsertTest2 HeapInsertTest3 HeapInsertTest4 , ,CacheHeapTest1 CacheHeapTest2 CacheMapTest2 , ,
58,Mon Nov 02 16:20:42 EST 2020,65,-28,Assignment4Suite,CacheTest0 CacheTest1 CacheTest3 HeapDelMinTest0 HeapDelMinTest1 HeapDelMinTest10 HeapDelMinTest11 HeapDelMinTest12 HeapDelMinTest13 HeapDelMinTest14 HeapDelMinTest2 HeapDelMinTest3 HeapDelMinTest4 HeapDelMinTest5 HeapDelMinTest6 HeapDelMinTest7 HeapDelMinTest8 HeapDelMinTest9 HeapIncDecEltTest0 HeapIncDecEltTest1 HeapIncDecEltTest2 HeapIncDecEltTest3 HeapIncDecEltTest4 HeapIncDecEltTest5 HeapInsertTest0 HeapInsertTest1 HeapInsertTest2 HeapInsertTest3 HeapInsertTest4 , ,CacheHeapTest0- CacheHeapTest1 CacheHeapTest2 CacheHeapTest3- CacheMapTest0- CacheMapTest1- CacheMapTest2 CacheMapTest3- CacheTest2- CacheTest4- CacheTest5- CacheTest6- CacheTest7- CacheTest8- CacheTest9- , ,
59,Mon Nov 02 16:21:12 EST 2020,79,14,Assignment4Suite,CacheHeapTest0+ CacheMapTest0+ CacheMapTest1+ CacheTest0 CacheTest1 CacheTest2+ CacheTest3 CacheTest4+ CacheTest7+ HeapDelMinTest0 HeapDelMinTest1 HeapDelMinTest10 HeapDelMinTest11 HeapDelMinTest12 HeapDelMinTest13 HeapDelMinTest14 HeapDelMinTest2 HeapDelMinTest3 HeapDelMinTest4 HeapDelMinTest5 HeapDelMinTest6 HeapDelMinTest7 HeapDelMinTest8 HeapDelMinTest9 HeapIncDecEltTest0 HeapIncDecEltTest1 HeapIncDecEltTest2 HeapIncDecEltTest3 HeapIncDecEltTest4 HeapIncDecEltTest5 HeapInsertTest0 HeapInsertTest1 HeapInsertTest2 HeapInsertTest3 HeapInsertTest4 , ,CacheHeapTest1 CacheHeapTest2 CacheHeapTest3 CacheMapTest2 CacheMapTest3 CacheTest5 CacheTest6 CacheTest8 CacheTest9 , ,
60,Mon Nov 02 16:21:46 EST 2020,79,0,Assignment4Suite,CacheHeapTest0 CacheMapTest0 CacheMapTest1 CacheTest0 CacheTest1 CacheTest2 CacheTest3 CacheTest4 CacheTest7 HeapDelMinTest0 HeapDelMinTest1 HeapDelMinTest10 HeapDelMinTest11 HeapDelMinTest12 HeapDelMinTest13 HeapDelMinTest14 HeapDelMinTest2 HeapDelMinTest3 HeapDelMinTest4 HeapDelMinTest5 HeapDelMinTest6 HeapDelMinTest7 HeapDelMinTest8 HeapDelMinTest9 HeapIncDecEltTest0 HeapIncDecEltTest1 HeapIncDecEltTest2 HeapIncDecEltTest3 HeapIncDecEltTest4 HeapIncDecEltTest5 HeapInsertTest0 HeapInsertTest1 HeapInsertTest2 HeapInsertTest3 HeapInsertTest4 , ,CacheHeapTest1 CacheHeapTest2 CacheHeapTest3 CacheMapTest2 CacheMapTest3 CacheTest5 CacheTest6 CacheTest8 CacheTest9 , ,
61,Mon Nov 02 16:24:29 EST 2020,77,-2,Assignment4Suite,CacheHeapTest0 CacheMapTest0 CacheMapTest1 CacheTest0 CacheTest1 CacheTest3 CacheTest4 CacheTest7 HeapDelMinTest0 HeapDelMinTest1 HeapDelMinTest10 HeapDelMinTest11 HeapDelMinTest12 HeapDelMinTest13 HeapDelMinTest14 HeapDelMinTest2 HeapDelMinTest3 HeapDelMinTest4 HeapDelMinTest5 HeapDelMinTest6 HeapDelMinTest7 HeapDelMinTest8 HeapDelMinTest9 HeapIncDecEltTest0 HeapIncDecEltTest1 HeapIncDecEltTest2 HeapIncDecEltTest3 HeapIncDecEltTest4 HeapIncDecEltTest5 HeapInsertTest0 HeapInsertTest1 HeapInsertTest2 HeapInsertTest3 HeapInsertTest4 , ,CacheHeapTest1 CacheHeapTest2 CacheHeapTest3 CacheMapTest2 CacheMapTest3 CacheTest2- CacheTest5 CacheTest6 CacheTest8 CacheTest9 , ,
62,Mon Nov 02 16:25:00 EST 2020,95,18,Assignment4Suite,CacheHeapTest0 CacheHeapTest3+ CacheMapTest0 CacheMapTest1 CacheMapTest2+ CacheMapTest3+ CacheTest0 CacheTest1 CacheTest2+ CacheTest3 CacheTest4 CacheTest5+ CacheTest6+ CacheTest7 CacheTest8+ CacheTest9+ HeapDelMinTest0 HeapDelMinTest1 HeapDelMinTest10 HeapDelMinTest11 HeapDelMinTest12 HeapDelMinTest13 HeapDelMinTest14 HeapDelMinTest2 HeapDelMinTest3 HeapDelMinTest4 HeapDelMinTest5 HeapDelMinTest6 HeapDelMinTest7 HeapDelMinTest8 HeapDelMinTest9 HeapIncDecEltTest0 HeapIncDecEltTest1 HeapIncDecEltTest2 HeapIncDecEltTest3 HeapIncDecEltTest4 HeapIncDecEltTest5 HeapInsertTest0 HeapInsertTest1 HeapInsertTest2 HeapInsertTest3 HeapInsertTest4 , ,CacheHeapTest1 CacheHeapTest2 , ,
63,Mon Nov 02 16:29:27 EST 2020,100,5,Assignment4Suite,CacheHeapTest0 CacheHeapTest1+ CacheHeapTest2+ CacheHeapTest3 CacheMapTest0 CacheMapTest1 CacheMapTest2 CacheMapTest3 CacheTest0 CacheTest1 CacheTest2 CacheTest3 CacheTest4 CacheTest5 CacheTest6 CacheTest7 CacheTest8 CacheTest9 HeapDelMinTest0 HeapDelMinTest1 HeapDelMinTest10 HeapDelMinTest11 HeapDelMinTest12 HeapDelMinTest13 HeapDelMinTest14 HeapDelMinTest2 HeapDelMinTest3 HeapDelMinTest4 HeapDelMinTest5 HeapDelMinTest6 HeapDelMinTest7 HeapDelMinTest8 HeapDelMinTest9 HeapIncDecEltTest0 HeapIncDecEltTest1 HeapIncDecEltTest2 HeapIncDecEltTest3 HeapIncDecEltTest4 HeapIncDecEltTest5 HeapInsertTest0 HeapInsertTest1 HeapInsertTest2 HeapInsertTest3 HeapInsertTest4 , , , ,
